Covariants	Count	Max_count	Freq	Coverage_start	Coverage_end
C22295A(S:H245N) C22353A(S:A264D)	33	37	0.8918918918918919	22294	22371
(22193,3)(S:DEL212) T22200G(S:V213G) C22208T(S:L216F) C22295A(S:H245N)	22	23	0.9565217391304348	22192	22297
T24259C(S:A899A)	17	25	0.68	24238	24299
C24378T(S:S939F) A24424T(S:Q954H)	16	26	0.6153846153846154	24316	24426
C22353A(S:A264D)	10	47	0.2127659574468085	22341	22445
A24424T(S:Q954H) T24469A(S:N969K)	10	19	0.5263157894736842	24404	24529
