Covariants	Count	Max_count	Freq	Coverage_start	Coverage_end
G23948T(S:D796Y)	177	188	0.9414893617021277	23946	23982
C25207T(S:Y1215Y)	19	23	0.8260869565217391	25205	25211
