Covariants	Count	Max_count	Freq	Coverage_start	Coverage_end
G23222A(S:E554K) C23271T(S:A570V)	591	625	0.9456	23221	23271
G23222A(S:E554K)	375	1022	0.3669275929549902	23140	23222
A23403G(S:D614G) C23423T(S:P621S)	213	227	0.9383259911894273	23349	23423
C23271T(S:A570V) A23403G(S:D614G)	172	191	0.900523560209424	23270	23403
C23271T(S:A570V)	158	975	0.16205128205128205	23270	23290
C24990T(S:P1143L) C25000T(S:D1146D)	38	39	0.9743589743589743	24974	25000
A23403G(S:D614G)	35	447	0.07829977628635347	23319	23410
