Covariants	Count	Max_count	Freq	Coverage_start	Coverage_end
C24990T(S:P1143L) C25000T(S:D1146D)	1212	2589	0.4681344148319815	24988	25006
G24872T(S:V1104L)	1111	2458	0.45199349064279903	24867	24888
C24990T(S:P1143L) C25000T(S:D1146D) A25026T(S:Y1155F)	880	2197	0.4005461993627674	24988	25026
A24819G(S:K1086R) G24872T(S:V1104L)	829	1479	0.5605138607167005	24818	24878
G24872T(S:V1104L) C24990T(S:P1143L) C25000T(S:D1146D)	342	371	0.921832884097035	24870	25000
C25000T(S:D1146D)	56	2669	0.02098164106406894	24997	25069
G24872T(S:V1104L) C24990T(S:P1143L)	45	418	0.1076555023923445	24866	24991
C25000T(S:D1146D) A25026T(S:Y1155F)	26	2277	0.011418533157663592	24994	25096
G23948T(S:D796Y)	17	19	0.8947368421052632	23932	23982
