Covariants	Count	Max_count	Freq	Coverage_start	Coverage_end
G23948T(S:D796Y)	489	534	0.9157303370786517	23941	23965
C24503A(S:L981I)	405	875	0.46285714285714286	24502	24571
T24088C(S:G842G) C24130T(S:N856N)	298	335	0.8895522388059701	24080	24131
C25207T(S:Y1215Y)	294	303	0.9702970297029703	25206	25209
C22295A(S:H245N) C22353A(S:A264D)	178	199	0.8944723618090452	22293	22360
(24615,1)(S:DEL1019)	150	2343	0.06402048655569782	24612	24620
T24088C(S:G842G)	119	473	0.25158562367864695	24072	24089
C22353A(S:A264D)	69	271	0.25461254612546125	22352	22423
(22193,3)(S:DEL212) T22200G(S:V213G) C22208T(S:L216F) C22295A(S:H245N)	67	68	0.9852941176470589	22192	22297
G23948T(S:D796Y) T24088C(S:G842G)	27	32	0.84375	23947	24089
C22208T(S:L216F) C22295A(S:H245N)	21	101	0.2079207920792079	22201	22302
C24130T(S:N856N)	16	347	0.04610951008645533	24105	24193
