Covariants	Count	Max_count	Freq	Coverage_start	Coverage_end
G23222A(S:E554K) C23271T(S:A570V)	13405	14004	0.9572265067123679	23221	23271
C23854A(S:N764K)	13233	13579	0.9745194786066721	23810	23854
G23222A(S:E554K)	10222	24652	0.4146519552166153	23221	23222
A23403G(S:D614G) C23423T(S:P621S)	7278	7513	0.9687208838014109	23349	23423
T23599G(S:N679K) C23604G(S:P681R)	5756	6192	0.9295865633074936	23598	23692
C23271T(S:A570V) A23403G(S:D614G)	2926	3201	0.9140893470790378	23270	23403
C23271T(S:A570V)	2866	20144	0.14227561556791105	23270	23271
(24658,1)(S:DEL1033)	1796	3003	0.598068598068598	24655	24662
A23403G(S:D614G)	661	11223	0.058896908135079744	23348	23403
T23599G(S:N679K) C23604G(S:P681R) C23657A(S:L699I)	177	6192	0.028585271317829456	23598	23694
C25207T(S:Y1215Y)	134	175	0.7657142857142857	25206	25209
C24378T(S:S939F) A24424T(S:Q954H)	126	233	0.5407725321888412	24361	24424
G23222A(S:E554K) G23262T(S:R567I) C23271T(S:A570V)	117	14004	0.008354755784061696	23220	23271
C24990T(S:P1143L) C25000T(S:D1146D)	108	124	0.8709677419354839	24987	25001
C23604G(S:P681R)	98	6287	0.015587720693494513	23603	23692
C24378T(S:S939F) A24424T(S:Q954H) T24469A(S:N969K)	95	104	0.9134615384615384	24377	24470
A24424T(S:Q954H) T24469A(S:N969K)	89	188	0.4734042553191489	24420	24496
C24378T(S:S939F)	85	320	0.265625	24296	24378
G23262T C23271T(S:A570V) A23403G(S:D614G)	55	1803	0.03050471436494731	23261	23403
G24659T(S:V1033L)	53	3050	0.01737704918032787	24658	24659
(25301,1)(S:DEL1248)	50	137	0.36496350364963503	25298	25361
G23262T(S:R567I) C23271T(S:A570V)	46	18687	0.002461604323861508	23261	23360
G24872T(S:V1104L)	45	132	0.3409090909090909	24839	24908
C23423T(S:P621S)	37	7513	0.004924797018501265	23348	23423
C23657A(S:L699I)	34	16116	0.002109704641350211	23648	23726
C25207T(S:Y1215Y) (25301,1)(S:DEL1248)	30	56	0.5357142857142857	25204	25308
G23222A(S:E554K) T23225G(S:S555A)	28	24593	0.0011385353555889888	23123	23238
C23744A(S:P728T)	27	20412	0.0013227513227513227	23691	23745
G23222A(S:E554K) T23225G(S:S555A) C23271T(S:A570V)	19	14004	0.001356755212796344	23217	23271
A23207G(S:T549A) G23222A(S:E554K)	17	22067	0.0007703811120677935	23115	23238
T23599G(S:N679K) C23604G(S:P681R) A23717C(S:T719P)	14	5626	0.002488446498400284	23592	23722
G24872T(S:V1104L) C24990T(S:P1143L) C25000T(S:D1146D)	13	24	0.5416666666666666	24870	25000
A23207G(S:T549A) G23222A(S:E554K) C23271T(S:A570V)	11	11419	0.0009633067694193887	23192	23279
C25000T(S:D1146D)	10	134	0.07462686567164178	24994	25117
