Covariants	Count	Max_count	Freq	Coverage_start	Coverage_end
A23403G(S:D614G) C23423T(S:P621S)	92	123	0.7479674796747967	23402	23423
A23403G(S:D614G)	46	186	0.24731182795698925	23353	23403
C23525T(S:H655Y)	44	133	0.3308270676691729	23495	23553
C23423T(S:P621S) C23525T(S:H655Y)	33	60	0.55	23420	23543
A23403G(S:D614G) C23423T(S:P621S) C23525T(S:H655Y)	23	26	0.8846153846153846	23401	23525
C23525T(S:H655Y) T23599G(S:N679K)	20	30	0.6666666666666666	23463	23601
C23271T(S:A570V) A23403G(S:D614G)	17	56	0.30357142857142855	23269	23404
C23271T(S:A570V)	13	69	0.18840579710144928	23267	23373
C23525T(S:H655Y) T23599G(S:N679K) C23604G(S:P681R)	10	10	1.0	23488	23606
