Covariants	Count	Max_count	Freq	Coverage_start	Coverage_end
G23948T(S:D796Y)	145	205	0.7073170731707317	23947	23968
C22295A(S:H245N) C22353A(S:A264D)	52	56	0.9285714285714286	22294	22360
G21941T(S:V127F) G21987A(S:G142D) (21990,3)(S:DEL144) T22032C(S:F157S) C22033A(S:F157S) A22034G(S:R158G)	43	52	0.8269230769230769	21937	22044
C23929T(S:Y789Y) G23948T(S:D796Y)	41	190	0.21578947368421053	23925	23958
C22120A(S:F186L) G22132T(S:R190S)	34	67	0.5074626865671642	22095	22154
(22193,3)(S:DEL212) T22200G(S:V213G) C22208T(S:L216F) C22295A(S:H245N)	26	29	0.896551724137931	22193	22321
(21608,'TCATGCCGCTGT')(S:INS17SCRC) C21618T(S:T19I) C21622T(S:T20T) G21624C(S:R21T) (21632,9)(S:DEL25/27) (21651,3)(S:DEL31)	22	33	0.6666666666666666	21562	21674
C22353A(S:A264D)	19	75	0.25333333333333335	22344	22432
G21941T(S:V127F) G21987A(S:G142D) (21990,3)(S:DEL144)	19	73	0.2602739726027397	21929	22030
C22208T(S:L216F) C22295A(S:H245N)	12	44	0.2727272727272727	22200	22302
G22992A(S:S477N) C22995A(S:T478K) T23005A(S:N481K) (23007,3)(S:DEL483) G23012A(S:E484K) T23018C(S:F486P) T23019C(S:F486P) A23055G(S:Q498R) A23063T(S:N501Y) T23075C(S:Y505H)	12	35	0.34285714285714286	22978	23088
G22813T(S:K417N) T22882G(S:N440K) A22893G(S:K444R) G22895C(S:V445H) T22896A(S:V445H) G22898A(S:G446S) A22910G(S:N450D) C22916T(S:L452W) T22917G(S:L452W) T22926C(S:L455S) T22928G(S:F456V) T22942A(S:N460K)	11	18	0.6111111111111112	22812	22942
A22786C(S:R408S) G22813T(S:K417N) T22882G(S:N440K)	10	38	0.2631578947368421	22778	22889
A22786C(S:R408S) G22813T(S:K417N) T22882G(S:N440K) A22893G(S:K444R) G22895C(S:V445H) T22896A(S:V445H) G22898A(S:G446S) A22910G(S:N450D) C22916T(S:L452W) T22917G(S:L452W)	10	19	0.5263157894736842	22778	22923
