Covariants	Count	Max_count	Freq	Coverage_start	Coverage_end
G23948T(S:D796Y)	405	425	0.9529411764705882	23946	23965
C22295A(S:H245N) C22353A(S:A264D)	69	76	0.9078947368421053	22294	22361
A23403G(S:D614G) C23423T(S:P621S)	50	72	0.6944444444444444	23394	23423
(22193,3)(S:DEL212) T22200G(S:V213G) C22208T(S:L216F) C22295A(S:H245N)	43	44	0.9772727272727273	22192	22319
G22992A(S:S477N) C22995A(S:T478K) T23005A(S:N481K) (23007,3)(S:DEL483) G23012A(S:E484K) T23018C(S:F486P) T23019C(S:F486P) C23039G(S:Q493E) A23055G(S:Q498R) A23063T(S:N501Y) T23075C(S:Y505H)	38	53	0.7169811320754716	22978	23096
C22353A(S:A264D)	21	97	0.21649484536082475	22344	22410
A23403G(S:D614G) C23423T(S:P621S) C23525T(S:H655Y)	18	21	0.8571428571428571	23394	23525
C23423T(S:P621S) C23525T(S:H655Y)	15	36	0.4166666666666667	23417	23550
A22786C(S:R408S) G22813T(S:K417N) T22882G(S:N440K) G22895C(S:V445H) T22896A(S:V445H) G22898A(S:G446S) A22910G(S:N450D) C22916T(S:L452W) T22917G(S:L452W)	14	17	0.8235294117647058	22778	22921
C23525T(S:H655Y)	12	67	0.1791044776119403	23450	23551
C23525T(S:H655Y) T23599G(S:N679K)	11	18	0.6111111111111112	23476	23601
T22926C(S:L455S) T22928C(S:F456L) T22942A(S:N460K) G22992A(S:S477N) C22995A(S:T478K) T23005A(S:N481K) (23007,3)(S:DEL483) G23012A(S:E484K) T23018C(S:F486P) T23019C(S:F486P) C23039G(S:Q493E) A23055G(S:Q498R) A23063T(S:N501Y)	11	15	0.7333333333333333	22917	23067
G22813T(S:K417N) T22882G(S:N440K) G22895C(S:V445H) T22896A(S:V445H) G22898A(S:G446S) A22910G(S:N450D) C22916T(S:L452W) T22917G(S:L452W) T22926C(S:L455S) T22928C(S:F456L) T22942A(S:N460K)	10	10	1.0	22811	22942
