Covariants	Count	Max_count	Freq	Coverage_start	Coverage_end
G23948T(S:D796Y)	148	211	0.7014218009478673	23947	23968
C22295A(S:H245N) C22353A(S:A264D)	54	58	0.9310344827586207	22294	22360
G21941T(S:V127F) G21987A(S:G142D) (21990,3)(S:DEL144) T22032C(S:F157S) C22033A(S:F157S) A22034G(S:R158G)	43	53	0.8113207547169812	21937	22044
C23929T(S:Y789Y) G23948T(S:D796Y)	41	193	0.21243523316062177	23925	23958
C22120A(S:F186L) G22132T(S:R190S)	32	67	0.47761194029850745	22061	22154
(22193,3)(S:DEL212) T22200G(S:V213G) C22208T(S:L216F) C22295A(S:H245N)	28	31	0.9032258064516129	22192	22321
(21608,'TCATGCCGCTGT')(S:INS17SCRC) C21618T(S:T19I) C21622T(S:T20T) G21624C(S:R21T) (21632,9)(S:DEL25/27) (21651,3)(S:DEL31)	22	33	0.6666666666666666	21562	21674
G21941T(S:V127F) G21987A(S:G142D) (21990,3)(S:DEL144)	21	76	0.27631578947368424	21929	22026
C22353A(S:A264D)	18	77	0.23376623376623376	22344	22442
C22208T(S:L216F) C22295A(S:H245N)	13	48	0.2708333333333333	22200	22302
G22992A(S:S477N) C22995A(S:T478K) T23005A(S:N481K) (23007,3)(S:DEL483) G23012A(S:E484K) T23018C(S:F486P) T23019C(S:F486P) A23055G(S:Q498R) A23063T(S:N501Y) T23075C(S:Y505H)	12	37	0.32432432432432434	22978	23096
A22786C(S:R408S) G22813T(S:K417N) T22882G(S:N440K)	11	40	0.275	22782	22889
G22813T(S:K417N) T22882G(S:N440K) A22893G(S:K444R) G22895C(S:V445H) T22896A(S:V445H) G22898A(S:G446S) A22910G(S:N450D) C22916T(S:L452W) T22917G(S:L452W) T22926C(S:L455S) T22928G(S:F456V) T22942A(S:N460K)	11	18	0.6111111111111112	22812	22942
T22942A(S:N460K) G22992A(S:S477N) C22995A(S:T478K) T23005A(S:N481K) (23007,3)(S:DEL483) G23012A(S:E484K) T23018C(S:F486P) T23019C(S:F486P) A23055G(S:Q498R) A23063T(S:N501Y) T23075C(S:Y505H)	10	29	0.3448275862068966	22937	23081
A22786C(S:R408S) G22813T(S:K417N) T22882G(S:N440K) A22893G(S:K444R) G22895C(S:V445H) T22896A(S:V445H) G22898A(S:G446S) A22910G(S:N450D) C22916T(S:L452W) T22917G(S:L452W)	10	19	0.5263157894736842	22777	22923
