Covariants	Count	Max_count	Freq	Coverage_start	Coverage_end
(21608,'TCATGCCGCTGT')(S:INS17SCRC) C21618T(S:T19I) C21622T(S:T20T) G21624C(S:R21T) C21627A(S:T22N) (21632,9)(S:DEL25/27) T21653C(S:S31P)	237	307	0.7719869706840391	21569	21672
G21941T(S:V127F) G21987A(S:G142D) (21990,3)(S:DEL144) T22032C(S:F157S) C22033A(S:F157S) A22034G(S:R158G)	126	154	0.8181818181818182	21940	22044
G21941T(S:V127F) G21987A(S:G142D) (21990,3)(S:DEL144)	66	226	0.2920353982300885	21910	22014
(22193,3)(S:DEL212) T22200G(S:V213G) C22208T(S:L216F)	55	82	0.6707317073170732	22105	22212
G21987A(S:G142D) (21990,3)(S:DEL144) T22032C(S:F157S) C22033A(S:F157S) A22034G(S:R158G)	50	216	0.23148148148148148	21979	22072
G23222A(S:E554K)	40	70	0.5714285714285714	23191	23226
A22194T	24	115	0.20869565217391303	22080	22194
(22030,1)(S:DEL157) (22034,'G')(S:INS159)	22	259	0.08494208494208494	22023	22131
G23222A(S:E554K) C23271T(S:A570V)	21	30	0.7	23212	23279
C23854A(S:N764K)	21	22	0.9545454545454546	23808	23854
A23403G(S:D614G) C23423T(S:P621S)	19	22	0.8636363636363636	23321	23423
C21618T(S:T19I) C21622T(S:T20T) G21624C(S:R21T) C21627A(S:T22N) (21632,9)(S:DEL25/27) T21653C(S:S31P)	13	307	0.04234527687296417	21566	21672
C21478A(ORF1b:L2671I)	10	570	0.017543859649122806	21469	21567
T22032C(S:F157S) C22033A(S:F157S) A22034G(S:R158G)	10	270	0.037037037037037035	22001	22096
T23599G(S:N679K) C23604G(S:P681R)	10	12	0.8333333333333334	23592	23726
