Covariants	Count	Max_count	Freq	Coverage_start	Coverage_end
G23222A(S:E554K) C23271T(S:A570V)	724	796	0.9095477386934674	23221	23271
G23222A(S:E554K)	643	1483	0.4335805799055968	23162	23222
A23403G(S:D614G) C23423T(S:P621S)	425	465	0.9139784946236559	23383	23423
C23271T(S:A570V) A23403G(S:D614G)	201	230	0.8739130434782608	23270	23403
C23271T(S:A570V)	154	1189	0.1295206055508831	23269	23273
A23403G(S:D614G)	60	745	0.08053691275167785	23318	23403
G22111T(S:Q183H)	40	101	0.39603960396039606	22087	22155
G21941T(S:V127F) G21987A(S:G142D) (21990,3)(S:DEL144) T22032C(S:F157S) C22033A(S:F157S) A22034G(S:R158G)	37	42	0.8809523809523809	21935	22043
G21941T(S:V127F) G21987A(S:G142D) (21990,3)(S:DEL144)	36	78	0.46153846153846156	21919	22014
(21608,'TCATGCCGCTGT')(S:INS17SCRC) C21618T(S:T19I) C21622T(S:T20T) G21624C(S:R21T) (21632,9)(S:DEL25/27) (21651,3)(S:DEL31)	20	22	0.9090909090909091	21565	21674
G22111T(S:Q183H) (22193,3)(S:DEL212) T22200G(S:V213G) C22208T(S:L216F)	19	21	0.9047619047619048	22104	22212
G23948T(S:D796Y)	19	19	1.0	23938	23985
G23222A(S:E554K) G23262T(S:R567I) C23271T(S:A570V)	18	796	0.022613065326633167	23220	23271
C23423T(S:P621S)	10	465	0.021505376344086023	23318	23434
