Covariants	Count	Max_count	Freq	Coverage_start	Coverage_end
G23948T(S:D796Y)	824	858	0.9603729603729604	23946	23965
C22295A(S:H245N) C22353A(S:A264D)	111	121	0.9173553719008265	22294	22360
(22193,3)(S:DEL212) T22200G(S:V213G) C22208T(S:L216F) C22295A(S:H245N)	51	54	0.9444444444444444	22192	22299
C22353A(S:A264D)	28	148	0.1891891891891892	22350	22406
C22208T(S:L216F) C22295A(S:H245N)	13	72	0.18055555555555555	22201	22302
