Covariants	Count	Max_count	Freq	Coverage_start	Coverage_end
G23222A(S:E554K) C23271T(S:A570V)	711	809	0.8788627935723115	23221	23271
G23222A(S:E554K)	481	1313	0.36633663366336633	23221	23222
A23403G(S:D614G) C23423T(S:P621S)	352	393	0.8956743002544529	23348	23423
C23271T(S:A570V)	159	1147	0.13862249346120314	23269	23274
C23271T(S:A570V) A23403G(S:D614G)	142	170	0.8352941176470589	23270	23403
A23403G(S:D614G)	81	638	0.12695924764890282	23319	23403
C24990T(S:P1143L) C25000T(S:D1146D)	41	56	0.7321428571428571	24982	25006
(24885,'T')(S:INS1109)	36	54	0.6666666666666666	24869	24907
G23222A(S:E554K) G23262T(S:R567I) C23271T(S:A570V)	34	809	0.042027194066749075	23217	23273
(24885,'T')(S:INS1109) C24990T(S:P1143L) C25000T(S:D1146D)	10	13	0.7692307692307693	24882	25006
