Covariants	Count	Max_count	Freq	Coverage_start	Coverage_end
C21815T(S:P85S)	448	1267	0.35359116022099446	21813	21893
(21651,3)(S:DEL31) C21711T(S:S50L)	394	603	0.6533996683250415	21645	21741
C21711T(S:S50L) (21764,6)(S:DEL69/70) C21815T(S:P85S)	321	377	0.8514588859416445	21710	21815
(21764,6)(S:DEL69/70) C21815T(S:P85S)	309	725	0.4262068965517241	21756	21817
(21651,3)(S:DEL31) C21711T(S:S50L) (21764,6)(S:DEL69/70)	173	179	0.9664804469273743	21646	21779
C22295A(S:H245N) C22353A(S:A264D)	161	185	0.8702702702702703	22294	22357
C21711T(S:S50L) (21764,6)(S:DEL69/70)	112	680	0.16470588235294117	21706	21781
C24990T(S:P1143L) C25000T(S:D1146D)	91	103	0.883495145631068	24987	25000
C22353A(S:A264D)	64	246	0.2601626016260163	22352	22407
(22193,3)(S:DEL212) T22200G(S:V213G) C22208T(S:L216F) C22295A(S:H245N)	62	73	0.8493150684931506	22192	22297
C24378T(S:S939F) A24424T(S:Q954H)	40	89	0.449438202247191	24361	24424
C24378T(S:S939F) A24424T(S:Q954H) T24469A(S:N969K)	39	44	0.8863636363636364	24377	24482
C21815T(S:P85S) G21848T(S:E96*)	30	1068	0.028089887640449437	21801	21896
C24378T(S:S939F)	25	115	0.21739130434782608	24295	24383
A24424T(S:Q954H) T24469A(S:N969K)	24	67	0.3582089552238806	24420	24529
G21770A(S:V70I) C21815T(S:P85S)	21	820	0.025609756097560974	21769	21895
C22208T(S:L216F) C22295A(S:H245N)	20	100	0.2	22203	22302
(21764,6)(S:DEL69/70) C21815T(S:P85S) G21848T(S:E96*)	15	526	0.028517110266159697	21754	21853
C25000T(S:D1146D)	14	116	0.1206896551724138	24993	25096
C21711T(S:S50L) (21764,6)(S:DEL69/70) C21815T(S:P85S) G21848T(S:E96*)	14	184	0.07608695652173914	21710	21861
