Covariants	Count	Max_count	Freq	Coverage_start	Coverage_end
G23948T(S:D796Y)	379	395	0.959493670886076	23947	23966
A23403G(S:D614G) C23423T(S:P621S)	36	47	0.7659574468085106	23372	23423
(21608,'TCATGCCGCTGT')(S:INS17SCRC) C21618T(S:T19I) C21622T(S:T20T) G21624C(S:R21T) (21632,9)(S:DEL25/27) (21651,3)(S:DEL31)	14	14	1.0	21563	21674
C23525T(S:H655Y)	13	46	0.2826086956521739	23450	23530
C23423T(S:P621S) C23525T(S:H655Y)	12	24	0.5	23420	23555
A23403G(S:D614G) C23423T(S:P621S) C23525T(S:H655Y)	10	10	1.0	23401	23525
