Covariants	Count	Max_count	Freq	Coverage_start	Coverage_end
(24750,1)(S:DEL1064)	79	111	0.7117117117117117	24706	24754
C21711T(S:S50L) (21764,6)(S:DEL69/70)	24	45	0.5333333333333333	21710	21780
(21651,3)(S:DEL31) C21711T(S:S50L)	24	41	0.5853658536585366	21641	21741
C22295A(S:H245N) C22353A(S:A264D)	18	23	0.782608695652174	22291	22361
T22942A(S:N460K) G22992A(S:S477N) C22995A(S:T478K) T23005A(S:N481K) (23007,3)(S:DEL483) G23012A(S:E484K) T23018C(S:F486P) T23019C(S:F486P) C23039G(S:Q493E) A23055G(S:Q498R) A23063T(S:N501Y) T23075C(S:Y505H)	13	19	0.6842105263157895	22937	23086
(21651,3)(S:DEL31) C21711T(S:S50L) (21764,6)(S:DEL69/70)	13	15	0.8666666666666667	21643	21780
(21764,6)(S:DEL69/70)	10	55	0.18181818181818182	21754	21822
C22353A(S:A264D)	10	37	0.2702702702702703	22344	22432
A22786C(S:R408S) G22813T(S:K417N) T22882G(S:N440K) G22895C(S:V445H) T22896A(S:V445H) G22898A(S:G446S) A22910G(S:N450D) C22916T(S:L452W) T22917G(S:L452W)	10	19	0.5263157894736842	22782	22923
