Covariants	Count	Max_count	Freq	Coverage_start	Coverage_end
G23222A(S:E554K) C23271T(S:A570V)	5235	5467	0.957563563197366	23221	23271
G23222A(S:E554K)	3780	9354	0.4041051956382296	23220	23222
A23403G(S:D614G) C23423T(S:P621S)	2773	2868	0.9668758716875872	23349	23423
G21941T(S:V127F) G21987A(S:G142D) (21990,3)(S:DEL144) T22032C(S:F157S) C22033A(S:F157S) A22034G(S:R158G)	1397	1561	0.8949391415759129	21940	22042
C23271T(S:A570V)	1105	7790	0.14184852374839538	23269	23275
C23271T(S:A570V) A23403G(S:D614G)	1089	1189	0.9158957106812448	23270	23403
(22193,3)(S:DEL212) T22200G(S:V213G) C22208T(S:L216F)	665	707	0.9405940594059405	22133	22211
G21941T(S:V127F) G21987A(S:G142D) (21990,3)(S:DEL144)	664	2252	0.29484902309058614	21931	22005
G21987A(S:G142D) (21990,3)(S:DEL144) T22032C(S:F157S) C22033A(S:F157S) A22034G(S:R158G)	631	2164	0.2915896487985213	21980	22043
(22030,1)(S:DEL157) (22034,'G')(S:INS159)	286	2672	0.10703592814371257	22023	22109
A23403G(S:D614G)	249	4241	0.05871256779061542	23319	23403
A22194T	218	968	0.22520661157024793	22087	22194
T22032C(S:F157S) C22033A(S:F157S) A22034G(S:R158G)	198	2760	0.07173913043478261	22003	22096
(22034,'G')(S:INS159)	80	2939	0.027220142905750255	22032	22180
(24689,1)(S:DEL1044)	72	74	0.972972972972973	24680	24697
G23222A(S:E554K) G23262T(S:R567I) C23271T(S:A570V)	45	5467	0.008231205414304006	23215	23271
(22193,3)(S:DEL212) T22200G(S:V213G)	34	741	0.04588394062078273	22095	22207
C23423T(S:P621S)	18	2868	0.006276150627615063	23318	23425
G23262T(S:R567I) C23271T(S:A570V)	18	7263	0.0024783147459727386	23261	23325
G21941T(S:V127F) G21987A(S:G142D) (21990,3)(S:DEL144) C22033A(S:F157L) A22034G(S:R158G)	17	1561	0.010890454836643177	21929	22045
G23262T C23271T(S:A570V) A23403G(S:D614G)	16	680	0.023529411764705882	23261	23403
(22193,3)(S:DEL212) C22208T(S:L216F)	15	707	0.021216407355021217	22104	22212
G21941T(S:V127F) G21987A(S:G142D) (21990,3)(S:DEL144) T22032C A22034G(S:R158G)	10	1561	0.0064061499039077515	21937	22040
G21987A(S:G142D) (21990,3)(S:DEL144) T22032C(S:F157S) C22033A(S:F157S)	10	2164	0.0046210720887245845	21979	22070
