Covariants	Count	Max_count	Freq	Coverage_start	Coverage_end
(21608,'TCATGCCGCTGT')(S:INS17SCRC) C21618T(S:T19I) C21622T(S:T20T) G21624C(S:R21T) (21632,9)(S:DEL25/27)	9558	10124	0.9440932437771632	21573	21662
G24757T(S:V1065V)	2152	2244	0.9590017825311943	24711	24758
G23948T(S:D796Y)	1809	1874	0.9653148345784418	23947	23957
(24488,2)(S:DEL977)	1181	1394	0.8472022955523673	24484	24571
T24490G(S:V976V)	310	1516	0.20448548812664907	24489	24587
C25207T(S:Y1215Y)	169	177	0.9548022598870056	25203	25210
C21618T(S:T19I) C21622T(S:T20T) G21624C(S:R21T) (21632,9)(S:DEL25/27)	167	10124	0.016495456341367048	21580	21662
T21610C(S:V16V)	120	10246	0.011711887565879368	21509	21610
(21608,'TCATGCCGCTGT')(S:INS17SCRC) C21618T(S:T19I) G21624C(S:R21T) (21632,9)(S:DEL25/27)	46	10124	0.004543658632951403	21566	21663
C21618T(S:T19I) G21624C(S:R21T) (21632,9)(S:DEL25/27)	28	10124	0.002765705254839984	21566	21663
(21608,'TCATGCCGCTGT')(S:INS17SCRC) C21618T(S:T19I) C21622T(S:T20T) (21632,9)(S:DEL25/27)	25	10124	0.0024693796918214147	21566	21665
(21608,'TCATGCCGCTGT')(S:INS17SCRC) C21622T(S:T20T) G21624C(S:R21T) (21632,9)(S:DEL25/27)	16	10124	0.0015804030027657052	21569	21668
T21568C(S:F2F)	16	31985	0.0005002344849148038	21500	21571
C21618T(S:T19I) C21622T(S:T20T) (21632,9)(S:DEL25/27)	15	10124	0.0014816278150928486	21568	21670
G21533T(ORF1b:S2689I) (21608,'TCATGCCGCTGT')(S:INS17SCRC) C21618T(S:T19I) C21622T(S:T20T) G21624C(S:R21T) (21632,9)(S:DEL25/27)	14	4502	0.003109729009329187	21532	21662
G21608T(S:V16F) C21618T(S:T19I) C21622T(S:T20T) G21624C(S:R21T) (21632,9)(S:DEL25/27)	13	10124	0.0012840774397471354	21566	21674
C21478A(ORF1b:L2671I)	12	15790	0.0007599746675110829	21450	21565
C21622T(S:T20T) G21624C(S:R21T) (21632,9)(S:DEL25/27)	11	10124	0.0010865270644014225	21566	21678
