Covariants	Count	Max_count	Freq	Coverage_start	Coverage_end
G21941T(S:V127F) G21987A(S:G142D) (21990,3)(S:DEL144) T22032C(S:F157S) C22033A(S:F157S) A22034G(S:R158G)	1558	1710	0.9111111111111111	21940	22042
G22111T(S:Q183H)	1176	3058	0.38456507521255723	22087	22141
G21941T(S:V127F) G21987A(S:G142D) (21990,3)(S:DEL144)	807	2549	0.3165947430364849	21931	21999
G22111T(S:Q183H) (22193,3)(S:DEL212) T22200G(S:V213G) C22208T(S:L216F)	806	865	0.9317919075144508	22110	22211
G22111T(S:Q183H) A22194T	291	1207	0.24109362054681027	22089	22194
G21987A(S:G142D) (21990,3)(S:DEL144) T22032C(S:F157S) C22033A(S:F157S) A22034G(S:R158G)	257	2118	0.12134088762983947	21978	22045
(22030,1)(S:DEL157) (22034,'G')(S:INS159) G22111T(S:Q183H)	202	526	0.3840304182509506	22023	22116
(21608,'TCATGCCGCTGT')(S:INS17SCRC) C21618T(S:T19I) C21622T(S:T20T) G21624C(S:R21T) (21632,9)(S:DEL25/27) (21651,3)(S:DEL31)	192	205	0.9365853658536586	21565	21674
G21987A(S:G142D) (21990,3)(S:DEL144) T22032C(S:F157S) C22033A(S:F157S) A22034G(S:R158G) G22111T(S:Q183H)	158	169	0.9349112426035503	21980	22111
T22032C(S:F157S) C22033A(S:F157S) A22034G(S:R158G) G22111T(S:Q183H)	129	618	0.2087378640776699	22003	22111
(22034,'G')(S:INS159) G22111T(S:Q183H)	78	740	0.10540540540540541	22031	22181
C24378T(S:S939F) A24424T(S:Q954H)	57	120	0.475	24339	24426
C24378T(S:S939F) A24424T(S:Q954H) T24469A(S:N969K)	52	61	0.8524590163934426	24377	24470
A24424T(S:Q954H) T24469A(S:N969K)	44	100	0.44	24420	24529
C24378T(S:S939F)	33	154	0.21428571428571427	24290	24378
G22111T(S:Q183H) (22193,3)(S:DEL212) T22200G(S:V213G)	29	899	0.03225806451612903	22104	22207
(22193,3)(S:DEL212) T22200G(S:V213G) C22208T(S:L216F)	23	882	0.026077097505668934	22132	22214
C24990T(S:P1143L) C25000T(S:D1146D)	15	15	1.0	24977	25020
G21941T(S:V127F) G21987A(S:G142D) (21990,3)(S:DEL144) (22030,1)(S:DEL157) (22034,'G')(S:INS159)	14	1710	0.008187134502923977	21931	22079
G21941T(S:V127F) G21987A(S:G142D) (21990,3)(S:DEL144) T22032C(S:F157S) C22033A(S:F157S)	10	1710	0.005847953216374269	21938	22047
