Covariants	Count	Max_count	Freq	Coverage_start	Coverage_end
G23222A(S:E554K) C23271T(S:A570V)	1390	1599	0.8692933083176986	23221	23271
G23222A(S:E554K)	1091	2763	0.3948606587043069	23221	23224
A23403G(S:D614G) C23423T(S:P621S)	687	775	0.8864516129032258	23363	23423
C23854A(S:N764K)	593	627	0.9457735247208932	23805	23854
C23271T(S:A570V)	341	2360	0.1444915254237288	23270	23271
C23271T(S:A570V) A23403G(S:D614G)	329	405	0.8123456790123457	23270	23403
T23599G(S:N679K) C23604G(S:P681R)	222	256	0.8671875	23598	23692
A23403G(S:D614G)	115	1262	0.09112519809825674	23348	23403
G21941T(S:V127F) G21987A(S:G142D) (21990,3)(S:DEL144) T22032C(S:F157S) C22033A(S:F157S) A22034G(S:R158G)	108	136	0.7941176470588235	21937	22044
G22111T(S:Q183H)	99	274	0.3613138686131387	22085	22158
C24378T(S:S939F) A24424T(S:Q954H)	69	133	0.518796992481203	24339	24424
G21941T(S:V127F) G21987A(S:G142D) (21990,3)(S:DEL144)	62	201	0.30845771144278605	21929	22006
G23222A(S:E554K) G23262T(S:R567I) C23271T(S:A570V)	58	1599	0.03627267041901188	23216	23271
C24378T(S:S939F) A24424T(S:Q954H) T24469A(S:N969K)	53	61	0.8688524590163934	24377	24469
A24424T(S:Q954H) T24469A(S:N969K)	40	97	0.41237113402061853	24419	24496
G22111T(S:Q183H) (22193,3)(S:DEL212) T22200G(S:V213G) C22208T(S:L216F)	37	50	0.74	22104	22212
C24378T(S:S939F)	33	167	0.19760479041916168	24304	24378
G21987A(S:G142D) (21990,3)(S:DEL144) T22032C(S:F157S) C22033A(S:F157S) A22034G(S:R158G)	31	184	0.16847826086956522	21979	22049
(22030,1)(S:DEL157) (22034,'G')(S:INS159) G22111T(S:Q183H)	30	74	0.40540540540540543	22021	22155
C23423T(S:P621S)	23	775	0.02967741935483871	23323	23425
G22111T(S:Q183H) A22194T	17	73	0.2328767123287671	22087	22194
G23948T(S:D796Y)	17	18	0.9444444444444444	23939	23965
G21987A(S:G142D) (21990,3)(S:DEL144) T22032C(S:F157S) C22033A(S:F157S) A22034G(S:R158G) G22111T(S:Q183H)	16	22	0.7272727272727273	21980	22111
G23262T(S:R567I) C23271T(S:A570V)	14	2179	0.006424965580541533	23261	23373
G23262T C23271T(S:A570V) A23403G(S:D614G)	12	227	0.05286343612334802	23261	23403
(22034,'G')(S:INS159) G22111T(S:Q183H)	10	101	0.09900990099009901	22031	22181
