Covariants	Count	Max_count	Freq	Coverage_start	Coverage_end
C23854A(S:N764K)	86	92	0.9347826086956522	23805	23854
G21941T(S:V127F) G21987A(S:G142D) (21990,3)(S:DEL144) T22032C(S:F157S) C22033A(S:F157S) A22034G(S:R158G)	84	104	0.8076923076923077	21940	22042
G22111T(S:Q183H)	54	174	0.3103448275862069	22087	22143
T23599G(S:N679K) C23604G(S:P681R)	49	56	0.875	23593	23693
G21941T(S:V127F) G21987A(S:G142D) (21990,3)(S:DEL144)	48	157	0.3057324840764331	21911	22014
G23948T(S:D796Y)	48	55	0.8727272727272727	23947	23980
G22111T(S:Q183H) (22193,3)(S:DEL212) T22200G(S:V213G) C22208T(S:L216F)	38	41	0.926829268292683	22107	22211
(22030,1)(S:DEL157) (22034,'G')(S:INS159) G22111T(S:Q183H)	25	51	0.49019607843137253	22023	22155
G23222A(S:E554K) C23271T(S:A570V)	25	47	0.5319148936170213	23210	23273
A23147G(S:K529E) G23222A(S:E554K)	22	39	0.5641025641025641	23129	23226
G21987A(S:G142D) (21990,3)(S:DEL144) T22032C(S:F157S) C22033A(S:F157S) A22034G(S:R158G)	19	135	0.14074074074074075	21973	22047
A23403G(S:D614G) C23423T(S:P621S)	19	21	0.9047619047619048	23363	23423
A23147G(S:K529E) G23222A(S:E554K) C23271T(S:A570V)	17	17	1.0	23146	23271
G22111T(S:Q183H) A22194T	16	59	0.2711864406779661	22087	22194
A24128C(S:N856H)	12	31	0.3870967741935484	24077	24153
