Covariants	Count	Max_count	Freq	Coverage_start	Coverage_end
G21941T(S:V127F) G21987A(S:G142D) (21990,3)(S:DEL144) T22032C(S:F157S) C22033A(S:F157S) A22034G(S:R158G)	132	155	0.8516129032258064	21940	22042
G22111T(S:Q183H)	98	258	0.3798449612403101	22087	22154
G21941T(S:V127F) G21987A(S:G142D) (21990,3)(S:DEL144)	64	223	0.28699551569506726	21916	22014
G22111T(S:Q183H) (22193,3)(S:DEL212) T22200G(S:V213G) (22202,3)(S:DEL215) C22208T(S:L216F)	35	48	0.7291666666666666	22100	22224
G22111T(S:Q183H) A22194T	29	79	0.3670886075949367	22086	22194
G21987A(S:G142D) (21990,3)(S:DEL144) T22032C(S:F157S) C22033A(S:F157S) A22034G(S:R158G)	25	203	0.12315270935960591	21979	22045
(22030,1)(S:DEL157) (22034,'G')(S:INS159) G22111T(S:Q183H)	20	65	0.3076923076923077	22021	22155
G21987A(S:G142D) (21990,3)(S:DEL144) T22032C(S:F157S) C22033A(S:F157S) A22034G(S:R158G) G22111T(S:Q183H)	17	22	0.7727272727272727	21979	22111
T22032C(S:F157S) C22033A(S:F157S) A22034G(S:R158G) G22111T(S:Q183H)	12	69	0.17391304347826086	22000	22135
