Covariants	Count	Max_count	Freq	Coverage_start	Coverage_end
G23222A(S:E554K) C23271T(S:A570V)	1668	1883	0.8858204992033988	23221	23271
G23222A(S:E554K)	1370	3356	0.40822407628128726	23221	23222
A23403G(S:D614G) C23423T(S:P621S)	918	1029	0.892128279883382	23349	23423
G21941T(S:V127F) G21987A(S:G142D) (21990,3)(S:DEL144) T22032C(S:F157S) C22033A(S:F157S) A22034G(S:R158G)	476	546	0.8717948717948718	21940	22042
C23271T(S:A570V)	411	2796	0.14699570815450644	23270	23273
C23271T(S:A570V) A23403G(S:D614G)	395	468	0.844017094017094	23270	23403
G21941T(S:V127F) G21987A(S:G142D) (21990,3)(S:DEL144)	225	795	0.2830188679245283	21929	22006
A23403G(S:D614G)	175	1641	0.10664229128580134	23333	23403
(22193,3)(S:DEL212) T22200G(S:V213G) C22208T(S:L216F)	172	204	0.8431372549019608	22132	22212
G21987A(S:G142D) (21990,3)(S:DEL144) T22032C(S:F157S) C22033A(S:F157S) A22034G(S:R158G)	157	719	0.21835883171070933	21980	22042
(21608,'TCATGCCGCTGT')(S:INS17SCRC) C21618T(S:T19I) C21622T(S:T20T) G21624C(S:R21T) (21632,9)(S:DEL25/27) (21651,3)(S:DEL31)	151	177	0.8531073446327684	21565	21674
G23948T(S:D796Y)	96	104	0.9230769230769231	23941	23965
A22194T	89	310	0.2870967741935484	22087	22194
(22030,1)(S:DEL157) (22034,'G')(S:INS159)	86	873	0.09851088201603665	22023	22109
G23222A(S:E554K) G23262T(S:R567I) C23271T(S:A570V)	69	1883	0.03664365374402549	23220	23271
T22032C(S:F157S) C22033A(S:F157S) A22034G(S:R158G)	39	901	0.04328523862375139	22003	22094
C23423T(S:P621S)	32	1031	0.031037827352085354	23348	23425
G23262T(S:R567I) C23271T(S:A570V)	23	2591	0.00887688151292937	23261	23357
(22034,'G')(S:INS159)	18	957	0.018808777429467086	22031	22181
G23262T C23271T(S:A570V) A23403G(S:D614G)	18	270	0.06666666666666667	23261	23403
(22030,1)(S:DEL157)	14	1071	0.013071895424836602	22019	22155
(21651,3)(S:DEL31) C21711T(S:S50L)	14	20	0.7	21641	21744
G22770A(S:R403K) G22775A(S:D405N) A22786C(S:R408S) G22813T(S:K417N)	13	18	0.7222222222222222	22731	22836
A22629C(S:K356T) C22674T(S:S371F) T22679C(S:S373P) C22686T(S:S375F) A22688G(S:T376A)	13	22	0.5909090909090909	22625	22716
A22556G(S:I332V) G22577C(S:G339H) G22578A(S:G339H) A22629C(S:K356T)	12	22	0.5454545454545454	22546	22634
(22193,3)(S:DEL212) C22208T(S:L216F)	11	204	0.05392156862745098	22104	22218
G21941T(S:V127F) G21987A(S:G142D) (21990,3)(S:DEL144) T22032C(S:F157S) C22033A(S:F157S)	10	546	0.018315018315018316	21929	22045
C21711T(S:S50L) (21764,6)(S:DEL69/70)	10	17	0.5882352941176471	21709	21807
