Covariants	Count	Max_count	Freq	Coverage_start	Coverage_end
G23948T(S:D796Y)	4262	4484	0.9504906333630687	23947	23957
A23403G(S:D614G) C23423T(S:P621S)	1113	1466	0.7592087312414734	23402	23423
C22295A(S:H245N) C22353A(S:A264D)	661	710	0.9309859154929577	22294	22357
C23525T(S:H655Y)	307	1028	0.29863813229571984	23497	23530
(22193,3)(S:DEL212) T22200G(S:V213G) C22208T(S:L216F) C22295A(S:H245N)	290	296	0.9797297297297297	22192	22297
A23403G(S:D614G) C23423T(S:P621S) C23525T(S:H655Y)	285	313	0.9105431309904153	23402	23525
C22353A(S:A264D)	207	911	0.22722283205268934	22352	22376
C23423T(S:P621S) C23525T(S:H655Y)	186	520	0.3576923076923077	23421	23525
C24990T(S:P1143L) C25000T(S:D1146D)	171	183	0.9344262295081968	24986	25000
C23525T(S:H655Y) T23599G(S:N679K)	130	222	0.5855855855855856	23497	23599
C23271T(S:A570V)	128	250	0.512	23269	23366
C23271T(S:A570V) A23403G(S:D614G)	102	116	0.8793103448275862	23270	23403
C22208T(S:L216F) C22295A(S:H245N)	100	422	0.23696682464454977	22205	22302
C25207T(S:Y1215Y) G25273T(S:M1237I)	87	90	0.9666666666666667	25204	25275
G25273T(S:M1237I)	82	178	0.4606741573033708	25270	25342
C23525T(S:H655Y) T23599G(S:N679K) C23604G(S:P681R)	79	87	0.9080459770114943	23505	23605
A23403G(S:D614G)	74	1649	0.04487568223165555	23348	23403
C25207T(S:Y1215Y)	67	157	0.4267515923566879	25150	25211
C24378T(S:S939F) A24424T(S:Q954H)	32	50	0.64	24339	24424
A23928G(S:Y789C) G23948T(S:D796Y)	29	3987	0.0072736393278154	23856	23982
C22295A(S:H245N)	21	1132	0.018551236749116608	22288	22319
C23423T(S:P621S)	20	1687	0.011855364552459988	23416	23423
C25000T(S:D1146D)	18	201	0.08955223880597014	24994	25114
C24378T(S:S939F) A24424T(S:Q954H) T24469A(S:N969K)	15	18	0.8333333333333334	24371	24470
G24087T(S:G842V)	13	4088	0.0031800391389432484	24071	24169
A24424T(S:Q954H) T24469A(S:N969K)	13	29	0.4482758620689655	24419	24528
C22208T(S:L216F) C22295A(S:H245N) C22353A(S:A264D)	11	15	0.7333333333333333	22206	22354
C24378T(S:S939F)	10	60	0.16666666666666666	24284	24378
A23930G(S:K790E) G23948T(S:D796Y)	10	4039	0.0024758603614756128	23856	23996
