Covariants	Count	Max_count	Freq	Coverage_start	Coverage_end
G25172T(S:G1204*) C25207T(S:Y1215Y)	1335	1406	0.94950213371266	25170	25207
C25207T(S:Y1215Y)	635	2055	0.30900243309002434	25206	25211
G25172T(S:G1204*)	191	1597	0.11959924859110833	25166	25185
C21711T(S:S50L) (21764,6)(S:DEL69/70)	90	131	0.6870229007633588	21710	21786
(21651,3)(S:DEL31) C21711T(S:S50L)	86	126	0.6825396825396826	21641	21741
(21764,6)(S:DEL69/70)	59	195	0.30256410256410254	21754	21817
(21651,3)(S:DEL31) C21711T(S:S50L) (21764,6)(S:DEL69/70)	36	37	0.972972972972973	21645	21779
