Covariants	Count	Max_count	Freq	Coverage_start	Coverage_end
G23948T(S:D796Y)	6850	7144	0.9588465845464725	23947	23957
C25207T(S:Y1215Y)	1201	1257	0.9554494828957836	25206	25209
T24100G(S:A846A)	37	5772	0.00641025641025641	24089	24186
T24088G	28	6325	0.004426877470355731	24085	24186
C23939A(S:P793T) G23948T(S:D796Y)	24	6741	0.0035603026257231864	23930	23985
T24168G(S:M869R)	24	3258	0.007366482504604052	24088	24169
G24087T(S:G842V)	23	6291	0.0036560165315530123	24072	24106
G24075T(S:G838V)	18	6975	0.0025806451612903226	24072	24181
C24768A(S:P1069H)	17	2852	0.005960729312762973	24711	24774
A24644G(S:K1028E)	16	9368	0.0017079419299743809	24630	24649
G23948T(S:D796Y) C23996A(S:P812T)	14	5062	0.002765705254839984	23884	23996
G24007T(S:R815S)	12	6707	0.0017891754882958103	24006	24096
