Covariants	Count	Max_count	Freq	Coverage_start	Coverage_end
C24990T(S:P1143L) C25000T(S:D1146D)	1656	2028	0.8165680473372781	24987	25000
A24819G(S:K1086R) G24872T(S:V1104L)	1091	1180	0.9245762711864407	24818	24878
C23854A(S:N764K)	870	914	0.9518599562363238	23808	23854
T23599G(S:N679K) C23604G(S:P681R)	449	495	0.907070707070707	23597	23692
G23948T(S:D796Y)	397	427	0.9297423887587822	23946	23965
G24872T(S:V1104L)	367	1820	0.20164835164835165	24867	24924
G24872T(S:V1104L) C24990T(S:P1143L) C25000T(S:D1146D)	232	253	0.9169960474308301	24870	25000
C25000T(S:D1146D)	75	2100	0.03571428571428571	24997	25018
G24872T(S:V1104L) C24990T(S:P1143L)	16	267	0.0599250936329588	24866	24990
C24990T(S:P1143L)	14	2042	0.0068560235063663075	24977	25008
C22295A(S:H245N) C22353A(S:A264D)	13	13	1.0	22289	22360
C23604G(S:P681R)	10	500	0.02	23603	23701
