Covariants	Count	Max_count	Freq	Coverage_start	Coverage_end
G23948T(S:D796Y)	149	156	0.9551282051282052	23944	23965
C24990T(S:P1143L) C25000T(S:D1146D)	23	28	0.8214285714285714	24987	25041
G24848T(S:V1096F) G24872T(S:V1104L)	19	20	0.95	24842	24904
