Covariants	Count	Max_count	Freq	Coverage_start	Coverage_end
G21941T(S:V127F) G21987A(S:G142D) (21990,3)(S:DEL144) T22032C(S:F157S) C22033A(S:F157S) A22034G(S:R158G)	767	876	0.8755707762557078	21940	22042
(22115,3)(S:DEL186)	565	1547	0.3652230122818358	22088	22135
G21941T(S:V127F) G21987A(S:G142D) (21990,3)(S:DEL144)	459	1368	0.3355263157894737	21931	22003
(22115,3)(S:DEL186) (22193,3)(S:DEL212) T22200G(S:V213G) C22208T(S:L216F)	378	405	0.9333333333333333	22110	22212
G21987A(S:G142D) (21990,3)(S:DEL144) T22032C(S:F157S) C22033A(S:F157S) A22034G(S:R158G)	267	1270	0.21023622047244095	21979	22043
(22030,1)(S:DEL157) (22034,'G')(S:INS159) (22115,3)(S:DEL186)	159	393	0.40458015267175573	22023	22133
(22115,3)(S:DEL186) A22194T	128	549	0.2331511839708561	22087	22194
T22032C(S:F157S) C22033A(S:F157S) A22034G(S:R158G) (22115,3)(S:DEL186)	109	405	0.2691358024691358	22003	22127
G21987A(S:G142D) (21990,3)(S:DEL144) T22032C(S:F157S) C22033A(S:F157S) A22034G(S:R158G) (22115,3)(S:DEL186)	91	97	0.9381443298969072	21980	22123
G22770A(S:R403K) G22775A(S:D405N) A22786C(S:R408S) G22813T(S:K417N)	29	37	0.7837837837837838	22726	22833
A22556G(S:I332V) G22577C(S:G339H) G22578A(S:G339H) G22599C(S:R346T) A22629C(S:K356T)	25	45	0.5555555555555556	22526	22632
C22674T(S:S371F) T22679C(S:S373P) C22686T(S:S375F) A22688G(S:T376A) G22770A(S:R403K) G22775A(S:D405N) A22786C(S:R408S)	21	25	0.84	22660	22792
A22556G(S:I332V) G22577C(S:G339H) G22578A(S:G339H) G22599C(S:R346T)	18	63	0.2857142857142857	22519	22607
G21987A(S:G142D) (21990,3)(S:DEL144) T22032C(S:F157S) C22033A(S:F157S) A22034G(S:R158G) A22116T	16	116	0.13793103448275862	21963	22116
G22599C(S:R346T) A22629C(S:K356T) C22674T(S:S371F) T22679C(S:S373P) C22686T(S:S375F) A22688G(S:T376A)	16	32	0.5	22596	22711
A22629C(S:K356T) C22674T(S:S371F) T22679C(S:S373P) C22686T(S:S375F) A22688G(S:T376A)	14	54	0.25925925925925924	22625	22740
T22032C(S:F157S) C22033A(S:F157S) A22034G(S:R158G)	14	1597	0.008766437069505322	22003	22096
G21987A(S:G142D) (21990,3)(S:DEL144) T22032C(S:F157S) C22033A(S:F157S)	13	1270	0.010236220472440945	21965	22096
G21941T(S:V127F) G21987A(S:G142D) (21990,3)(S:DEL144) (22030,1)(S:DEL157)	12	1266	0.009478672985781991	21897	22035
(22034,'G')(S:INS159) (22115,3)(S:DEL186)	10	514	0.019455252918287938	22031	22182
C22674T(S:S371F) T22679C(S:S373P) C22686T(S:S375F) A22688G(S:T376A) G22770A(S:R403K) G22775A(S:D405N)	10	40	0.25	22663	22781
