Covariants	Count	Max_count	Freq	Coverage_start	Coverage_end
G23948T(S:D796Y)	10489	10877	0.9643283993748276	23947	23956
C22295A(S:H245N) C22353A(S:A264D)	7306	7883	0.9268045160471902	22294	22353
(22193,3)(S:DEL212) T22200G(S:V213G) C22208T(S:L216F) C22295A(S:H245N)	3198	3349	0.9549119140041804	22192	22297
C22353A(S:A264D)	2535	10481	0.24186623413796393	22352	22357
C22208T(S:L216F) C22295A(S:H245N)	945	4732	0.1997041420118343	22205	22302
(21608,'TCATGCCGCTGT')(S:INS17SCRC) C21618T(S:T19I) C21622T(S:T20T) G21624C(S:R21T) (21632,9)(S:DEL25/27) (21651,3)(S:DEL31)	321	335	0.9582089552238806	21568	21674
C22208T(S:L216F) C22295A(S:H245N) C22353A(S:A264D)	205	277	0.740072202166065	22206	22353
A24516C(S:D985A)	177	218	0.8119266055045872	24513	24571
C22295A(S:H245N)	170	12462	0.01364147006900979	22294	22313
T22200G(S:V213G) C22208T(S:L216F) C22295A(S:H245N)	96	4329	0.022176022176022176	22199	22302
T24100G(S:A846A)	55	9205	0.005975013579576317	24097	24104
C23758T(S:T732T)	47	110	0.42727272727272725	23738	23773
C23758T(S:T732T) C23854A(S:N764K)	42	46	0.9130434782608695	23748	23854
(22193,3)(S:DEL212) T22200G(S:V213G) C22208T(S:L216F)	34	3351	0.01014622500746046	22192	22294
G24087T(S:G842V)	31	9870	0.0031408308004052684	24086	24140
T23599G(S:N679K) C23604G(S:P681R) C23625T(S:A688V)	30	33	0.9090909090909091	23593	23700
C23939A(S:P793T) G23948T(S:D796Y)	24	10254	0.0023405500292568754	23903	23984
C23854A(S:N764K) G23900T(S:E780*)	23	28	0.8214285714285714	23800	23903
A24129G(S:N856S)	20	7325	0.0027303754266211604	24105	24137
T24168G(S:M869R)	18	5106	0.0035252643948296123	24100	24169
G24075T(S:G838V)	17	10860	0.001565377532228361	24068	24181
(22193,3)(S:DEL212) C22208T(S:L216F) C22295A(S:H245N)	16	3349	0.00477754553598089	22192	22297
C23625T(S:A688V) C23758T(S:T732T)	16	17	0.9411764705882353	23620	23763
T24088G(S:G842G)	14	9922	0.0014110058455956461	24083	24093
G24140T(S:V860F)	13	6595	0.0019711902956785444	24101	24186
T24115G(S:C851W)	12	8134	0.0014752889107450208	24097	24191
G24007T(S:R815S)	12	10634	0.0011284558961820576	24006	24107
G24038T(S:V826L)	11	10010	0.001098901098901099	24035	24104
C22208T(S:L216F)	10	4734	0.0021123785382340513	22202	22307
G23948T(S:D796Y) C23981A(S:P807T)	10	10736	0.0009314456035767511	23939	23995
