Covariants	Count	Max_count	Freq	Coverage_start	Coverage_end
G23948T(S:D796Y)	2049	2203	0.9300953245574217	23947	23957
C22295A(S:H245N) C22353A(S:A264D)	1711	1936	0.8837809917355371	22294	22354
(22193,3)(S:DEL212) T22200G(S:V213G) C22208T(S:L216F) C22295A(S:H245N)	869	924	0.9404761904761905	22192	22297
C22353A(S:A264D)	625	2589	0.2414059482425647	22352	22360
C22208T(S:L216F) C22295A(S:H245N)	236	1295	0.18223938223938224	22205	22302
C25207T(S:Y1215Y)	223	243	0.9176954732510288	25205	25211
A23403G(S:D614G) C23423T(S:P621S)	136	184	0.7391304347826086	23400	23423
C22208T(S:L216F) C22295A(S:H245N) C22353A(S:A264D)	71	85	0.8352941176470589	22207	22353
C23525T(S:H655Y)	38	133	0.2857142857142857	23450	23553
A23403G(S:D614G) C23423T(S:P621S) C23525T(S:H655Y)	35	38	0.9210526315789473	23401	23525
C23271T(S:A570V)	28	65	0.4307692307692308	23261	23361
C22295A(S:H245N)	28	3162	0.008855154965211892	22293	22323
T22200G(S:V213G) C22208T(S:L216F) C22295A(S:H245N)	25	1197	0.020885547201336674	22199	22323
C23423T(S:P621S) C23525T(S:H655Y)	25	66	0.3787878787878788	23420	23543
C23271T(S:A570V) A23403G(S:D614G)	24	36	0.6666666666666666	23269	23403
C24768A(S:P1069H)	19	2225	0.00853932584269663	24711	24770
C23525T(S:H655Y) T23599G(S:N679K)	15	28	0.5357142857142857	23497	23601
A23403G(S:D614G)	14	228	0.06140350877192982	23318	23403
G24087T(S:G842V)	14	2026	0.006910167818361303	24072	24122
C23525T(S:H655Y) T23599G(S:N679K) C23604G(S:P681R)	13	13	1.0	23505	23604
