Covariants	Count	Max_count	Freq	Coverage_start	Coverage_end
C21711T(S:S50L) (21764,6)(S:DEL69/70)	165	228	0.7236842105263158	21710	21780
(21651,3)(S:DEL31) C21711T(S:S50L)	149	208	0.7163461538461539	21645	21741
(21764,6)(S:DEL69/70)	84	316	0.26582278481012656	21754	21812
(21651,3)(S:DEL31) C21711T(S:S50L) (21764,6)(S:DEL69/70)	50	52	0.9615384615384616	21645	21779
