Covariants	Count	Max_count	Freq	Coverage_start	Coverage_end
C24378T(S:S939F) A24424T(S:Q954H)	1038	1862	0.5574650912996778	24361	24424
C24378T(S:S939F) A24424T(S:Q954H) T24469A(S:N969K)	703	791	0.888748419721871	24377	24469
A24424T(S:Q954H) T24469A(S:N969K)	650	1389	0.4679625629949604	24422	24496
C24378T(S:S939F)	606	2480	0.24435483870967742	24300	24378
C24990T(S:P1143L) C25000T(S:D1146D)	237	280	0.8464285714285714	24985	25011
G24872T(S:V1104L)	209	256	0.81640625	24852	24878
C25000T(S:D1146D)	31	313	0.09904153354632587	24999	25074
G24872T(S:V1104L) C24990T(S:P1143L) C25000T(S:D1146D)	30	32	0.9375	24870	25000
T24469A(S:N969K)	22	1408	0.015625	24432	24503
