Covariants	Count	Max_count	Freq	Coverage_start	Coverage_end
A22556G(S:I332V) G22577C(S:G339H) G22578A(S:G339H) G22599C(S:R346T) A22629C(S:K356T)	19	40	0.475	22548	22632
G22770A(S:R403K) G22775A(S:D405N) A22786C(S:R408S) G22813T(S:K417N)	19	27	0.7037037037037037	22736	22820
A22556G(S:I332V) G22577C(S:G339H) G22578A(S:G339H) G22599C(S:R346T)	11	51	0.21568627450980393	22497	22604
A22629C(S:K356T) C22674T(S:S371F) T22679C(S:S373P) C22686T(S:S375F) A22688G(S:T376A)	10	37	0.2702702702702703	22609	22735
A22556G(S:I332V) G22577C(S:G339H) G22578A(S:G339H) G22599C(S:R346T) A22629C(S:K356T) C22674T(S:S371F)	10	20	0.5	22555	22674
