Covariants	Count	Max_count	Freq	Coverage_start	Coverage_end
C22295A(S:H245N) C22353A(S:A264D)	1675	1878	0.8919062832800851	22294	22355
G23948T(S:D796Y)	1044	1114	0.9371633752244165	23947	23958
(22193,3)(S:DEL212) T22200G(S:V213G) C22208T(S:L216F) C22295A(S:H245N)	680	741	0.9176788124156545	22192	22297
C22353A(S:A264D)	608	2551	0.23833790670325364	22352	22354
G22484T(S:V308L)	339	911	0.3721185510428101	22413	22485
C22208T(S:L216F) C22295A(S:H245N)	193	1093	0.17657822506861848	22205	22307
C23854A(S:N764K)	177	189	0.9365079365079365	23810	23854
(21651,3)(S:DEL31) C21711T(S:S50L)	168	246	0.6829268292682927	21645	21741
C21711T(S:S50L) (21764,6)(S:DEL69/70) A21801G(S:D80G)	99	199	0.49748743718592964	21710	21806
C21711T(S:S50L) (21764,6)(S:DEL69/70)	88	275	0.32	21710	21780
C22208T(S:L216F) C22295A(S:H245N) C22353A(S:A264D)	88	104	0.8461538461538461	22206	22353
A21801G(S:D80G)	73	462	0.15800865800865802	21800	21894
C25207T(S:Y1215Y)	70	74	0.9459459459459459	25206	25210
(21651,3)(S:DEL31) C21711T(S:S50L) (21764,6)(S:DEL69/70)	67	72	0.9305555555555556	21645	21779
(21764,6)(S:DEL69/70) A21801G(S:D80G)	59	305	0.19344262295081968	21754	21820
T23599G(S:N679K) C23604G(S:P681R)	53	62	0.8548387096774194	23597	23713
C22353A(S:A264D) G22484T(S:V308L)	46	166	0.27710843373493976	22352	22485
(21764,6)(S:DEL69/70)	44	381	0.11548556430446194	21754	21842
C22295A(S:H245N)	40	2896	0.013812154696132596	22293	22313
T22200G(S:V213G) C22208T(S:L216F) C22295A(S:H245N)	36	960	0.0375	22199	22302
C24378T(S:S939F) A24424T(S:Q954H) T24469A(S:N969K)	36	38	0.9473684210526315	24377	24470
C24378T(S:S939F) A24424T(S:Q954H)	35	75	0.4666666666666667	24312	24424
A24424T(S:Q954H) T24469A(S:N969K)	30	69	0.43478260869565216	24420	24489
C24378T(S:S939F)	27	105	0.2571428571428571	24276	24378
C23785A(S:Y741*)	27	285	0.09473684210526316	23667	23788
A23403G(S:D614G) C23423T(S:P621S)	26	31	0.8387096774193549	23389	23423
A24819G(S:K1086R) G24872T(S:V1104L)	11	14	0.7857142857142857	24818	24888
A22556G(S:I332V) G22577C(S:G339H) G22578A(S:G339H) G22599C(S:R346T) A22629C(S:K356T)	10	20	0.5	22521	22635
