Covariants	Count	Max_count	Freq	Coverage_start	Coverage_end
C22295A(S:H245N) C22353A(S:A264D)	133	145	0.9172413793103448	22294	22361
G23948T(S:D796Y)	122	125	0.976	23947	23965
(22193,3)(S:DEL212) T22200G(S:V213G) C22208T(S:L216F) C22295A(S:H245N)	72	72	1.0	22192	22302
C22353A(S:A264D)	68	212	0.32075471698113206	22352	22421
C22208T(S:L216F) C22295A(S:H245N)	20	94	0.2127659574468085	22201	22332
