Covariants	Count	Max_count	Freq	Coverage_start	Coverage_end
C23854A(S:N764K)	5219	5467	0.9546369123833912	23810	23854
T23599G(S:N679K) C23604G(S:P681R)	2080	2305	0.9023861171366594	23598	23692
(21492,1)(ORF1b:DEL2676)	1479	1590	0.930188679245283	21489	21565
G23948T(S:D796Y)	825	1001	0.8241758241758241	23947	23965
(21608,'TCATGCCGCTGT')(S:INS17SCRC) C21618T(S:T19I) C21622T(S:T20T) G21624C(S:R21T) (21632,9)(S:DEL25/27) (21651,3)(S:DEL31)	766	842	0.9097387173396675	21576	21674
C22295A(S:H245N) C22353A(S:A264D)	640	715	0.8951048951048951	22294	22354
C24378T(S:S939F) A24424T(S:Q954H)	492	968	0.5082644628099173	24342	24424
C24378T(S:S939F) A24424T(S:Q954H) T24469A(S:N969K)	379	445	0.851685393258427	24377	24470
G24781C(S:K1073N)	361	1028	0.35116731517509725	24711	24781
(22193,3)(S:DEL212) T22200G(S:V213G) C22208T(S:L216F) C22295A(S:H245N)	342	368	0.9293478260869565	22192	22297
C24378T(S:S939F)	329	1313	0.25057121096725055	24315	24378
A24424T(S:Q954H) T24469A(S:N969K)	324	754	0.4297082228116711	24422	24487
C24990T(S:P1143L) C25000T(S:D1146D)	253	305	0.8295081967213115	24987	25000
C22353A(S:A264D)	192	914	0.2100656455142232	22352	22412
G24872T(S:V1104L)	157	207	0.7584541062801933	24857	24887
C24034T(S:N824N)	157	802	0.19576059850374064	24033	24050
G23948T(S:D796Y) C24034T(S:N824N)	125	361	0.3462603878116344	23947	24034
C25207T(S:Y1215Y)	87	92	0.9456521739130435	25205	25211
C22208T(S:L216F) C22295A(S:H245N)	76	486	0.15637860082304528	22201	22309
T23599G(S:N679K) C23604G(S:P681R) C23657A(S:L699I)	58	2305	0.025162689804772233	23597	23693
G24872T(S:V1104L) C24990T(S:P1143L) C25000T(S:D1146D)	34	38	0.8947368421052632	24870	25000
C23604G(S:P681R)	34	2339	0.01453612654980761	23603	23700
C23744A(S:P728T)	22	8621	0.002551908131307273	23672	23745
C21618T(S:T19I) C21622T(S:T20T) G21624C(S:R21T) (21632,9)(S:DEL25/27) (21651,3)(S:DEL31)	22	842	0.026128266033254157	21562	21677
C23657A(S:L699I)	21	6511	0.003225311012133313	23650	23726
C25000T(S:D1146D)	20	324	0.06172839506172839	24994	25096
C22208T(S:L216F) C22295A(S:H245N) C22353A(S:A264D)	16	24	0.6666666666666666	22206	22353
T23599G(S:N679K) C23604G(S:P681R) C23609T(S:R683W)	14	2305	0.006073752711496746	23596	23693
T22200G(S:V213G) C22208T(S:L216F) C22295A(S:H245N)	12	461	0.026030368763557483	22199	22346
C22295A(S:H245N)	11	1184	0.009290540540540541	22261	22329
C21478A(ORF1b:L2671I) (21492,1)(ORF1b:DEL2676)	10	1431	0.0069881201956673656	21439	21568
