Covariants	Count	Max_count	Freq	Coverage_start	Coverage_end
G23222A(S:E554K) C23271T(S:A570V)	11493	12083	0.9511710667880493	23221	23271
G23222A(S:E554K)	7044	19323	0.3645396677534544	23217	23222
A23403G(S:D614G) C23423T(S:P621S)	5885	6100	0.9647540983606557	23349	23423
C23271T(S:A570V)	2351	16741	0.14043366585030762	23270	23271
C23271T(S:A570V) A23403G(S:D614G)	2000	2241	0.892458723784025	23270	23403
G21941T(S:V127F) G21987A(S:G142D) (21990,3)(S:DEL144) T22032C(S:F157S) C22033A(S:F157S) A22034G(S:R158G)	1085	1171	0.9265584970111016	21940	22042
A23403G(S:D614G)	899	9111	0.09867193502359785	23348	23403
(24358,'A')(S:INS933) C24378T(S:S939F) A24424T(S:Q954H)	690	991	0.6962663975782039	24355	24424
G21941T(S:V127F) G21987A(S:G142D) (21990,3)(S:DEL144)	573	1768	0.3240950226244344	21931	22005
G21987A(S:G142D) (21990,3)(S:DEL144) T22032C(S:F157S) C22033A(S:F157S) A22034G(S:R158G)	492	1665	0.2954954954954955	21980	22044
(22193,3)(S:DEL212) T22200G(S:V213G) C22208T(S:L216F)	479	518	0.9247104247104247	22134	22211
(24358,'A')(S:INS933) C24378T(S:S939F)	446	1448	0.3080110497237569	24309	24379
A24424T(S:Q954H) T24469A(S:N969K)	377	850	0.4435294117647059	24422	24487
(22030,1)(S:DEL157) (22034,'G')(S:INS159)	272	2110	0.12890995260663507	22023	22133
(24358,'A')(S:INS933) C24378T(S:S939F) A24424T(S:Q954H) T24469A(S:N969K)	261	273	0.9560439560439561	24355	24470
C24378T(S:S939F) A24424T(S:Q954H) T24469A(S:N969K)	191	496	0.3850806451612903	24377	24470
A22194T	178	729	0.24417009602194786	22088	22194
G23222A(S:E554K) G23262T(S:R567I) C23271T(S:A570V)	175	12083	0.014483158156087065	23220	23271
T22032C(S:F157S) C22033A(S:F157S) A22034G(S:R158G)	136	2173	0.06258628624022089	22003	22096
(24358,'A')(S:INS933)	93	1607	0.05787181082762912	24268	24368
G23262T(S:R567I) C23271T(S:A570V)	60	15648	0.003834355828220859	23261	23285
(22034,'G')(S:INS159)	56	2328	0.024054982817869417	22031	22179
G23262T C23271T(S:A570V) A23403G(S:D614G)	41	1244	0.03295819935691318	23261	23403
C23423T(S:P621S)	34	6100	0.005573770491803279	23347	23423
(22193,3)(S:DEL212) T22200G(S:V213G)	25	548	0.04562043795620438	22110	22207
(22193,3)(S:DEL212) C22208T(S:L216F)	23	518	0.0444015444015444	22105	22213
G23222A(S:E554K) G23262T(S:R567I)	13	12660	0.0010268562401263824	23216	23267
T24469A(S:N969K)	13	860	0.015116279069767442	24427	24510
(22030,1)(S:DEL157)	12	2595	0.004624277456647399	22008	22157
